1.7337792628975462e+18,8.612136698227246e-11,-0.0008996059186756611,-0.029944658279418945
1.7337792629742835e+18,5.21769120964688e-11,-0.0009031305089592934,-0.030001617968082428
1.7337792631014006e+18,9.989118560094212e-11,-0.0016230912879109383,-0.030017197132110596
1.7337792631724698e+18,1.4893351829581292e-10,-0.002358674071729183,-0.030135303735733032
1.7337792632706598e+18,1.795612269983593e-10,-0.0028943917714059353,-0.030245915055274963
1.7337792633726687e+18,1.8804986734455298e-10,-0.003273981623351574,-0.03011012077331543
1.7337792634718267e+18,1.8212929775440756e-10,-0.0035291635431349277,-0.029757574200630188
1.7337792636133617e+18,1.94598406833002e-10,-0.003685982432216406,-0.029665648937225342
1.7337792637153193e+18,2.2096773022450833e-10,-0.0037736636586487293,-0.02999378740787506
1.733779263775252e+18,2.440137258918895e-10,-0.0038074124604463577,-0.030050061643123627
1.7337792638696343e+18,2.554182421121709e-10,-0.003795286640524864,-0.029789671301841736
1.7337792639703567e+18,2.604703952524545e-10,-0.003741615917533636,-0.029801107943058014
1.7337792640880128e+18,2.5831217720373445e-10,-0.003658854868263006,-0.030027270317077637
1.7337792641756168e+18,2.5176494222733936e-10,-0.0035619535483419895,-0.030078254640102386
1.7337792642955205e+18,2.3847751551286933e-10,-0.0034582186490297318,-0.03005310148000717
1.733779264370997e+18,2.246459684940305e-10,-0.0033502173610031605,-0.029978156089782715
1.7337792644714504e+18,2.1108054193419434e-10,-0.003237107302993536,-0.029866114258766174
1.733779264571621e+18,2.0421879465271076e-10,-0.0031162104569375515,-0.03000032901763916
1.733779264709705e+18,1.9887164137699642e-10,-0.0029924390837550163,-0.03020438551902771
1.7337792648113523e+18,1.8616236330259994e-10,-0.0028717340901494026,-0.03028825670480728
1.7337792649142684e+18,1.6505888322804196e-10,-0.0027553136460483074,-0.030281424522399902
1.7337792649708495e+18,1.3541963383989497e-10,-0.002643352374434471,-0.030219286680221558
1.733779265072262e+18,9.713768678309975e-11,-0.0025364100001752377,-0.030133523046970367
1.7337792651667988e+18,5.0084866809463335e-11,-0.0024349954910576344,-0.030052408576011658
1.7337792652748503e+18,-5.142497538912494e-12,-0.0023394296877086163,-0.030005916953086853
1.7337792653836337e+18,-5.6630755640441066e-11,-0.0022482951171696186,-0.03009159117937088
1.7337792654877207e+18,-1.1142897715643585e-10,-0.002161692827939987,-0.03032858669757843
1.7337792655736205e+18,-1.7473221480823753e-10,-0.00208135973662138,-0.030654683709144592
1.7337792656719043e+18,-2.4755547611832185e-10,-0.002007503528147936,-0.031072795391082764
1.733779265795e+18,-3.302086104550739e-10,-0.0019398550502955914,-0.03159727901220322
1.7337792658988252e+18,-4.2303632818985193e-10,-0.0018780720420181751,-0.03224062919616699
1.73377926600531e+18,-5.263691704726625e-10,-0.0018221857026219368,-0.0330137237906456
1.733779266105017e+18,-6.40593578182802e-10,-0.0017720186151564121,-0.03392587602138519
1.7337792661709888e+18,-7.66119168105206e-10,-0.0017274902202188969,-0.034985050559043884
1.733779266270718e+18,-9.034014092357268e-10,-0.0016884366050362587,-0.0361979678273201
1.7337792663724114e+18,-1.0529378480228502e-09,-0.0016546654514968395,-0.03757021576166153
1.7337792664717586e+18,-1.2153746897780593e-09,-0.001625104807317257,-0.03910636901855469
1.7337792665782694e+18,-1.3911864993332301e-09,-0.0016004396602511406,-0.04081008583307266
1.7337792667193516e+18,-1.5809872300209804e-09,-0.001580578275024891,-0.04268418252468109
1.7337792667840868e+18,-1.785464109893553e-09,-0.0015652463771402836,-0.044730767607688904
1.7337792668883377e+18,-1.9902370862467933e-09,-0.001554462593048811,-0.04695124179124832
1.7337792669698465e+18,-2.1466388666624425e-09,-0.0015474259853363037,-0.04934641718864441
1.7337792670703744e+18,-2.253260911189159e-09,-0.001542755402624607,-0.05191655457019806
1.733779267191235e+18,-2.3127300075032053e-09,-0.0015418417751789093,-0.054661452770233154
1.7337792672948485e+18,-2.323852443808505e-09,-0.0015446585603058338,-0.05758051574230194
1.7337792673693637e+18,-2.2828352541637287e-09,-0.0015508439391851425,-0.06067271530628204
1.7337792674696512e+18,-2.183918157427911e-09,-0.0015605143271386623,-0.06393672525882721
1.733779267569722e+18,-2.0303962955381394e-09,-0.0015725968405604362,-0.06737086921930313
1.7337792677664136e+18,-1.7802495033691912e-09,-0.0015880102291703224,-0.07171367108821869
1.7337792678169774e+18,-1.561792806192841e-09,-0.0016031358391046524,-0.07551504671573639
1.7337792679216343e+18,-1.393673287886088e-09,-0.001618287991732359,-0.07867390662431717
1.7337792679657313e+18,-1.1920510134544315e-09,-0.0016369251534342766,-0.08276738971471786
1.73377926806894e+18,-1.0042913167751522e-09,-0.0016599781811237335,-0.08701964467763901
1.733779268170952e+18,-8.305584553447432e-10,-0.0016850372776389122,-0.09142781794071198
1.7337792682733788e+18,-6.656001305671566e-10,-0.0017092088237404823,-0.09598890691995621
1.7337792683716462e+18,-5.083090059976314e-10,-0.0017349906265735626,-0.10070008039474487
1.7337792684731146e+18,-3.585663987948351e-10,-0.0017624585889279842,-0.10555833578109741
1.7337792685752832e+18,-2.1612554801375694e-10,-0.0017912029288709164,-0.1105605959892273
1.7337792686696855e+18,-8.068504198099902e-11,-0.0018209870904684067,-0.11570374667644501
1.7337792687734802e+18,4.805068842816951e-11,-0.0018515950068831444,-0.12098462134599686
1.733779268910207e+18,1.9397622397221426e-10,-0.0018861633725464344,-0.12749889492988586
1.733779268970153e+18,2.8692925813089687e-10,-0.0019104206003248692,-0.13194675743579865
1.7337792690700772e+18,3.980431539929441e-10,-0.0019411556422710419,-0.13762183487415314
1.7337792691679997e+18,5.03831198983562e-10,-0.0019728997722268105,-0.14342209696769714
1.733779269320257e+18,6.043764377849925e-10,-0.0020042876712977886,-0.1493443101644516
1.733779269369698e+18,6.99989566310677e-10,-0.0020357868634164333,-0.15538540482521057
1.7337792694706765e+18,7.9062389968243e-10,-0.0020651407539844513,-0.161542147397995
1.7337792695871713e+18,8.768903936307026e-10,-0.0020952466875314713,-0.16781169176101685
1.7337792696696788e+18,9.588582150499292e-10,-0.002124855760484934,-0.17419099807739258
1.7337792697950387e+18,1.0368019776052506e-09,-0.002154372166842222,-0.18067710101604462
1.733779269872137e+18,1.1109706488099391e-09,-0.00218407716602087,-0.18726712465286255
1.7337792699999048e+18,1.1814103029195167e-09,-0.002212722320109606,-0.1939580887556076
1.7337792701006758e+18,1.2481610189851722e-09,-0.0022390633821487427,-0.2007470428943634
1.7337792701699617e+18,1.3116580044325588e-09,-0.0022649927996098995,-0.20763139426708221
1.7337792702704005e+18,1.3721609404271362e-09,-0.0022911145351827145,-0.21460852026939392
1.733779270370368e+18,1.4279319948684588e-09,-0.002316087018698454,-0.2216755747795105
1.7337792704665336e+18,1.4797236769226174e-09,-0.0023407842963933945,-0.22883009910583496
1.7337792705682243e+18,1.5287009436093513e-09,-0.002364099957048893,-0.23606938123703003
1.7337792706612923e+18,1.574904762158269e-09,-0.002385123632848263,-0.24339087307453156
1.733779270818101e+18,1.6186927354056024e-09,-0.002405441366136074,-0.2507922947406769
1.7337792708695555e+18,1.6603721730845677e-09,-0.0024263300001621246,-0.25827139616012573
1.733779270983676e+18,1.7006218655524208e-09,-0.0024449913762509823,-0.2658255100250244
1.733779271087568e+18,1.7391280637824025e-09,-0.0024624736979603767,-0.2734525501728058
1.7337792711717512e+18,1.7688047693198428e-09,-0.0024790321476757526,-0.28115028142929077
1.733779271270062e+18,1.7945551711306962e-09,-0.0024935631081461906,-0.28891652822494507
1.733779271401091e+18,1.8195441819912617e-09,-0.00250719441100955,-0.29674917459487915
1.7337792714697556e+18,1.8398085277482323e-09,-0.0025202976539731026,-0.3046463429927826
1.733779271572496e+18,1.8500887488670514e-09,-0.0025322861038148403,-0.3126058876514435
1.7337792716717225e+18,1.8599316531364707e-09,-0.00254283519461751,-0.3206259310245514
1.7337792718149962e+18,1.8602576146165006e-09,-0.0025525749661028385,-0.3287045955657959
1.7337792718698742e+18,1.8552003266947281e-09,-0.002560332417488098,-0.3368399143218994
1.7337792719702518e+18,1.8493974129896174e-09,-0.002567131072282791,-0.3450303077697754
1.7337792720802158e+18,1.834743357242985e-09,-0.0025729998014867306,-0.35327401757240295
1.7337792721748895e+18,1.8167320980921886e-09,-0.0025780959986150265,-0.3615693151950836
1.733779272275616e+18,1.7940124941162594e-09,-0.0025820829905569553,-0.36991459131240845
1.7337792723750725e+18,1.763797108367271e-09,-0.0025849631056189537,-0.37830832600593567
1.733779272470275e+18,1.731994436759976e-09,-0.002586599439382553,-0.3867488503456116
1.7337792725720028e+18,1.6937102831349193e-09,-0.0025873156264424324,-0.3952348232269287
1.7337792726711672e+18,1.6511686462550301e-09,-0.002586877904832363,-0.4037646949291229
1.733779272770369e+18,1.606540123155753e-09,-0.00258554145693779,-0.41233712434768677
1.7337792728708227e+18,1.5537808817356336e-09,-0.0025834753178060055,-0.4209507405757904
1.7337792730167788e+18,1.4972495465670477e-09,-0.0025804811157286167,-0.42960429191589355
1.7337792730713126e+18,1.4381678070662929e-09,-0.002576439641416073,-0.43829643726348877
1.7337792731732923e+18,1.3704166690331476e-09,-0.0025718561373651028,-0.44702598452568054
1.7337792732701555e+18,1.2953911276980534e-09,-0.0025664689019322395,-0.45579174160957336
1.7337792733724485e+18,1.2173156926920115e-09,-0.0025603165850043297,-0.46459248661994934
1.7337792734726083e+18,1.1315384185195398e-09,-0.0025535505264997482,-0.4734272062778473
1.7337792735734397e+18,1.0356407953437952e-09,-0.002545949537307024,-0.4822947382926941
1.7337792737005484e+18,9.144702217689371e-10,-0.002536466345191002,-0.49297767877578735
1.7337792737716477e+18,8.295477083031244e-10,-0.0025296732783317566,-0.5001242160797119
1.733779273873994e+18,7.182105465908251e-10,-0.0025206496939063072,-0.509084165096283
1.7337792739711035e+18,6.007193631418772e-10,-0.0025109383277595043,-0.5180729031562805
1.7337792740708652e+18,4.737112924146913e-10,-0.00250071007758379,-0.527089536190033
1.7337792742210442e+18,3.395359549074328e-10,-0.00249001057818532,-0.5361331701278687
1.7337792742769743e+18,1.9779938797981345e-10,-0.0024794666096568108,-0.5452030897140503
1.7337792743643203e+18,4.792019558941263e-11,-0.0024684686213731766,-0.5542983412742615
1.7337792745232655e+18,-1.1064085758683007e-10,-0.002456993330270052,-0.5634180307388306
1.7337792745702943e+18,-2.785324471066275e-10,-0.002444411162286997,-0.5725613832473755
1.7337792746837898e+18,-4.5611855958860303e-10,-0.0024325884878635406,-0.5817278623580933
1.7337792747704092e+18,-6.437276267590164e-10,-0.002420282457023859,-0.5909165740013123
1.7337792748948861e+18,-8.422679220743134e-10,-0.0024083522148430347,-0.6001268625259399
1.7337792749931968e+18,-1.05256092730599e-09,-0.0023961449041962624,-0.6093580722808838
1.733779275075474e+18,-1.2753943456900174e-09,-0.002383601851761341,-0.6186093688011169
1.7337792752057423e+18,-1.5115713125624097e-09,-0.002370891161262989,-0.6278802752494812
1.733779275272082e+18,-1.7619633529974976e-09,-0.00235801562666893,-0.637170135974884
1.7337792754113203e+18,-2.012256805627999e-09,-0.0023450381122529507,-0.6464782953262329
1.7337792754703002e+18,-2.2147639278102815e-09,-0.0023326408118009567,-0.6558042764663696
1.7337792755693422e+18,-2.363250706238773e-09,-0.0023201247677206993,-0.6651474833488464
1.7337792756698266e+18,-2.4564486000855368e-09,-0.0023074522614479065,-0.674507200717926
1.733779275824994e+18,-2.49529841234164e-09,-0.0022947313264012337,-0.6838831305503845
1.7337792758697408e+18,-2.4797124353881372e-09,-0.0022820099256932735,-0.6932746767997742
1.7337792759716127e+18,-2.4062021264370514e-09,-0.00226936349645257,-0.702681303024292
1.7337792760725832e+18,-2.2750759054446235e-09,-0.0022575827315449715,-0.7121027112007141
1.7337792761703247e+18,-2.0912018783292297e-09,-0.002245580777525902,-0.7215383052825928
1.733779276270799e+18,-1.8550357916424787e-09,-0.002233547158539295,-0.7309876680374146
1.733779276371033e+18,-1.6031760363688363e-09,-0.0022216131910681725,-0.7404503226280212
1.7337792764708575e+18,-1.3603164150666203e-09,-0.0022097816690802574,-0.7499260306358337
1.7337792765711857e+18,-1.1261169774456903e-09,-0.0021980581805109978,-0.7594141960144043
1.7337792766705774e+18,-9.001449030598963e-10,-0.002187086269259453,-0.7689146399497986
1.733779276770509e+18,-6.821145870361534e-10,-0.0021762149408459663,-0.7784267067909241
1.7337792768690647e+18,-4.716563806184126e-10,-0.0021653794683516026,-0.7879501581192017
1.7337792769691418e+18,-2.6837357336439993e-10,-0.002154671587049961,-0.7974846959114075
1.7337792770719862e+18,-7.186935074843248e-11,-0.002144133672118187,-0.8070299625396729
1.7337792771737802e+18,1.1825714019142453e-10,-0.0021337908692657948,-0.8165856599807739
1.7337792772721116e+18,3.0247077065226335e-10,-0.0021241591311991215,-0.8261513710021973
1.7337792773835052e+18,4.811064324705683e-10,-0.00211466196924448,-0.8357268571853638
1.7337792774874452e+18,6.5457206321895e-10,-0.0021052975207567215,-0.8453117609024048
1.733779277594543e+18,8.232798331953006e-10,-0.0020960853435099125,-0.854905903339386
1.7337792776971694e+18,9.876451878554349e-10,-0.0020870529115200043,-0.8645089268684387
1.7337792777699308e+18,1.1480838502109236e-09,-0.00207821698859334,-0.8741205334663391
1.733779277909678e+18,1.3050573954842548e-09,-0.0020699636079370975,-0.8837404847145081
1.733779277969809e+18,1.458935861009536e-09,-0.0020618941634893417,-0.8933685421943665
1.7337792781112847e+18,1.610131361573508e-09,-0.0020539523102343082,-0.9030044078826904
1.733779278170866e+18,1.7590624512564546e-09,-0.0020461082458496094,-0.9126479625701904
1.7337792782700096e+18,1.9037900145235653e-09,-0.002038511447608471,-0.9222989678382874
1.7337792783687606e+18,1.999940435482017e-09,-0.0020310385152697563,-0.9319570064544678
1.7337792785241587e+18,2.030678514230999e-09,-0.0020241164602339268,-0.9416220784187317
1.7337792785696648e+18,1.9923773741936657e-09,-0.0020173355005681515,-0.9512937664985657
1.7337792787193e+18,1.884325584455837e-09,-0.002010723575949669,-0.9609721302986145
1.733779278784079e+18,1.7326363677128143e-09,-0.002004177775233984,-0.9706568121910095
1.7337792788898934e+18,1.5795676988616947e-09,-0.0019978592172265053,-0.9803476333618164
1.7337792789697987e+18,1.4226922973037404e-09,-0.00199162308126688,-0.990044355392456
1.7337792790697408e+18,1.2599763454801405e-09,-0.0019858363084495068,-0.9997469782829285
1.7337792791694044e+18,1.0930470972780881e-09,-0.001980222761631012,-1.0094553232192993
1.7337792793086313e+18,9.183257487777041e-10,-0.0019746161997318268,-1.0191689729690552
1.7337792793697024e+18,7.349737485284891e-10,-0.0019691959023475647,-1.0288878679275513
1.7337792794709422e+18,5.450744300361521e-10,-0.0019638771191239357,-1.0386120080947876
1.7337792795701501e+18,3.459846020792412e-10,-0.0019586649723351,-1.0483410358428955
1.7337792796642025e+18,1.3717467439722242e-10,-0.0019538514316082,-1.058074951171875
1.7337792797625953e+18,-8.202025170156446e-11,-0.0019489573314785957,-1.0678133964538574
1.7337792799263995e+18,-3.040013518695872e-10,-0.001943896058946848,-1.0775567293167114
1.7337792799709087e+18,-5.267654090701512e-10,-0.001938963308930397,-1.0873043537139893
1.733779280071709e+18,-7.605943097566126e-10,-0.0019345125183463097,-1.0970561504364014
1.733779280169652e+18,-1.0069387545996733e-09,-0.0019299802370369434,-1.1068122386932373
1.7337792802708383e+18,-1.2670164917238935e-09,-0.0019258330576121807,-1.1165724992752075
1.7337792803704768e+18,-1.5423844423878563e-09,-0.0019216258078813553,-1.1263364553451538
1.7337792805028483e+18,-1.8335313267670017e-09,-0.0019174208864569664,-1.1361043453216553
1.733779280571241e+18,-2.1141230988064308e-09,-0.0019131507724523544,-1.1458758115768433
1.7337792806707487e+18,-2.3464796772287855e-09,-0.0019089160487055779,-1.1556508541107178
1.733779280764272e+18,-2.52928522570528e-09,-0.001904800534248352,-1.1654293537139893
1.7337792808647805e+18,-2.660417885991251e-09,-0.001900810282677412,-1.1752114295959473
1.7337792809747476e+18,-2.7415936187935586e-09,-0.0018966365605592728,-1.1849967241287231
1.7337792810700004e+18,-2.774039220554414e-09,-0.0018924684263765812,-1.194785237312317
1.7337792811715853e+18,-2.7548365810758924e-09,-0.0018885391764342785,-1.2045767307281494
1.7337792812863258e+18,-2.685790922996034e-09,-0.0018846774473786354,-1.2143712043762207
1.7337792813906885e+18,-2.564418899453358e-09,-0.0018806969746947289,-1.2241687774658203
1.733779281496279e+18,-2.3880546429211336e-09,-0.0018768939189612865,-1.2339692115783691
1.7337792815704824e+18,-2.158677014918453e-09,-0.0018730503506958485,-1.243772268295288
1.733779281671405e+18,-1.8677082103124576e-09,-0.0018691462464630604,-1.2535781860351562
1.73377928177206e+18,-1.5443242240564814e-09,-0.0018651983700692654,-1.2633864879608154
1.7337792819043315e+18,-1.2296595963690038e-09,-0.001861213706433773,-1.2731975317001343
1.733779281970009e+18,-9.231811426424485e-10,-0.0018572681583464146,-1.2830109596252441
1.7337792821116764e+18,-6.24337082033577e-10,-0.0018533896654844284,-1.292826771736145
1.7337792821709366e+18,-3.325652531138701e-10,-0.0018495181575417519,-1.3026448488235474
1.7337792823174884e+18,-4.728870073300584e-11,-0.0018455591052770615,-1.3124653100967407
1.7337792823708065e+18,2.3209087429698627e-10,-0.0018414529040455818,-1.3222877979278564
1.733779282462035e+18,5.06000685795982e-10,-0.0018372992053627968,-1.3321125507354736
1.7337792825700575e+18,7.744861418856885e-10,-0.0018331045284867287,-1.3419394493103027
1.7337792826707154e+18,1.0386168591836054e-09,-0.0018289345316588879,-1.3517683744430542
1.7337792827871846e+18,1.2991467901457554e-09,-0.0018249615095555782,-1.3615992069244385
1.7337792828775593e+18,1.556757944776166e-09,-0.0018208334222435951,-1.3714319467544556
1.7337792829734907e+18,1.8121765199552442e-09,-0.0018165498040616512,-1.381266474723816
1.7337792831001743e+18,2.0778945231114676e-09,-0.0018113013356924057,-1.3930704593658447
1.7337792832045084e+18,2.2000319344073205e-09,-0.0018078084103763103,-1.400941014289856
1.733779283270421e+18,2.2902899576848768e-09,-0.0018035843968391418,-1.4107810258865356
1.7337792833698017e+18,2.309155533453122e-09,-0.0017993305809795856,-1.4206225872039795
1.7337792835181166e+18,2.257975140196322e-09,-0.0017949128523468971,-1.430465817451477
1.7337792835635464e+18,2.1353603329998805e-09,-0.0017904220148921013,-1.4403107166290283
1.733779283663537e+18,1.94331706282469e-09,-0.0017859339714050293,-1.4501569271087646
1.7337792837758548e+18,1.693921447554203e-09,-0.0017813090234994888,-1.4600048065185547
1.7337792838805384e+18,1.435063179400231e-09,-0.0017766407690942287,-1.4698539972305298
1.7337792839839002e+18,1.169130903200255e-09,-0.001772165298461914,-1.4797048568725586
1.733779284087307e+18,8.94090301795103e-10,-0.0017676660791039467,-1.4895570278167725
1.733779284189761e+18,6.092739646135215e-10,-0.0017630672082304955,-1.4994105100631714
1.7337792842962696e+18,3.1396038546738225e-10,-0.0017583882436156273,-1.5092653036117554
1.733779284399775e+18,7.363276655070194e-12,-0.0017536431550979614,-1.519121527671814
1.7337792844736883e+18,-3.1134680944511217e-10,-0.0017490284517407417,-1.528978943824768
1.7337792845696696e+18,-6.43113506892945e-10,-0.0017443462274968624,-1.5388376712799072
1.7337792846693821e+18,-9.889205010438218e-10,-0.0017396253533661366,-1.5486974716186523
1.7337792848133926e+18,-1.3498293593983135e-09,-0.0017348295077681541,-1.5585585832595825
1.7337792848643067e+18,-1.726975451532553e-09,-0.0017299181781709194,-1.5684207677841187
1.7337792849703278e+18,-2.1064654465163812e-09,-0.0017249714583158493,-1.5782840251922607
1.7337792850685752e+18,-2.437945401112529e-09,-0.0017200494185090065,-1.5881484746932983
1.733779285173473e+18,-2.7250366407827187e-09,-0.0017152917571365833,-1.598013997077942
1.7337792853221632e+18,-2.963866041483243e-09,-0.001710520125925541,-1.6078805923461914
1.7337792853706647e+18,-3.151509941901054e-09,-0.0017056697979569435,-1.6177481412887573
1.733779285469591e+18,-3.292126127263373e-09,-0.0017007640562951565,-1.6276167631149292
1.7337792855713006e+18,-3.386125602133916e-09,-0.001695818267762661,-1.6374863386154175
1.733779285672853e+18,-3.431509743023753e-09,-0.001691150013357401,-1.6473568677902222
1.7337792857908462e+18,-3.4278468952209096e-09,-0.001686332281678915,-1.6572284698486328
1.7337792858990543e+18,-3.3743741134628635e-09,-0.0016814013943076134,-1.6671007871627808
1.7337792859698488e+18,-3.2721529930057613e-09,-0.0016764849424362183,-1.6769741773605347
1.7337792860707901e+18,-3.119886793356841e-09,-0.0016714842058718204,-1.6868482828140259
1.7337792862091e+18,-2.915288899174584e-09,-0.0016664760187268257,-1.696723461151123
1.7337792863134646e+18,-2.6586657320137874e-09,-0.0016617216169834137,-1.7065993547439575
1.7337792864165245e+18,-2.3484882927249373e-09,-0.001656925305724144,-1.7164762020111084
1.733779286470042e+18,-1.97912575217174e-09,-0.0016520698554813862,-1.7263537645339966
1.733779286621098e+18,-1.5626467897433827e-09,-0.0016472251154482365,-1.736232042312622
1.7337792866806024e+18,-1.1511788189366712e-09,-0.0016423123888671398,-1.746111273765564
1.7337792867863027e+18,-7.485460584710779e-10,-0.001637440174818039,-1.7559912204742432
1.7337792868915192e+18,-3.5249431151740396e-10,-0.001632761675864458,-1.7658718824386597
1.7337792869964337e+18,3.8311936956247905e-11,-0.0016280892305076122,-1.7757534980773926
1.7337792870978076e+18,4.247369123078215e-10,-0.0016233650967478752,-1.7856357097625732
1.7337792871750126e+18,8.067909673670215e-10,-0.0016185753047466278,-1.7955186367034912
1.7337792872694408e+18,1.1847200998005292e-09,-0.0016137794591486454,-1.8054022789001465
1.7337792874080788e+18,1.561037410446886e-09,-0.0016090278513729572,-1.8152865171432495
1.7337792874690883e+18,1.936747651143378e-09,-0.001604478806257248,-1.8251715898513794
1.7337792876147543e+18,2.2677277833338394e-09,-0.001599912066012621,-1.835057258605957
1.7337792876639885e+18,2.529460640943171e-09,-0.0015953020192682743,-1.844943642616272
1.7337792878249756e+18,2.728832493303912e-09,-0.001590680330991745,-1.8548306226730347
1.7337792879161661e+18,2.8656799155868384e-09,-0.0015858267433941364,-1.8647181987762451
1.7337792879711457e+18,2.939629206721861e-09,-0.0015812525525689125,-1.8746064901351929
1.7337792880841004e+18,2.9474667151419e-09,-0.0015769535675644875,-1.8844953775405884
1.7337792881904133e+18,2.886476613284117e-09,-0.0015726140700280666,-1.8943849802017212
1.733779288270947e+18,2.7564925897394232e-09,-0.001568264327943325,-1.9042750597000122
1.7337792883753014e+18,2.5574531381522547e-09,-0.0015638931654393673,-1.914165735244751
1.7337792884994102e+18,2.2908921426534334e-09,-0.001559512224048376,-1.9240570068359375
1.7337792886068777e+18,1.9541932516631277e-09,-0.0015550917014479637,-1.9339488744735718
1.7337792886727247e+18,1.5572294564947242e-09,-0.0015509123913943768,-1.9438413381576538
1.7337792887699377e+18,1.1486589457376795e-09,-0.001546718180179596,-1.953734278678894
1.7337792888699965e+18,7.297408233242209e-10,-0.0015425323508679867,-1.9636279344558716
1.7337792889680973e+18,2.9931390699289295e-10,-0.0015382920391857624,-1.9735219478607178
1.7337792891201828e+18,-1.4382947610691588e-10,-0.001534060575067997,-1.9834166765213013
1.7337792892248686e+18,-5.973094241440435e-10,-0.0015298458747565746,-1.9933115243911743
1.7337792893290796e+18,-1.0644185532981965e-09,-0.001525945495814085,-2.0032076835632324
1.733779289383408e+18,-1.548387307259702e-09,-0.0015219543129205704,-2.013103485107422
1.7337792894865185e+18,-2.048941460941478e-09,-0.0015179035253822803,-2.0230002403259277
1.7337792895872796e+18,-2.519197739303536e-09,-0.0015138527378439903,-2.032897472381592
1.7337792896947924e+18,-2.9420630376364443e-09,-0.0015098489820957184,-2.042795181274414
1.7337792897692618e+18,-3.3166660529104774e-09,-0.001505852211266756,-2.0526936054229736
1.7337792898971983e+18,-3.64100882777052e-09,-0.001502028200775385,-2.062592029571533
1.7337792900033283e+18,-3.921935665118781e-09,-0.001498228870332241,-2.072491407394409
1.7337792901083067e+18,-4.1576040388235924e-09,-0.0014943699352443218,-2.0823910236358643
1.7337792901696607e+18,-4.352752380754055e-09,-0.001490510068833828,-2.0922911167144775
1.733779290263998e+18,-4.505484874073318e-09,-0.0014866995625197887,-2.102191686630249
1.7337792904168415e+18,-4.61604310331154e-09,-0.0014828513376414776,-2.1120924949645996
1.733779290471235e+18,-4.686372179207865e-09,-0.0014790277928113937,-2.1219942569732666
1.7337792906254413e+18,-4.716169232921175e-09,-0.0014755022712051868,-2.1318962574005127
1.7337792906708362e+18,-4.7049621976213984e-09,-0.001471864990890026,-2.141798496246338
1.733779290770371e+18,-4.6463619618464236e-09,-0.0014682067558169365,-2.1517014503479004
1.733779290880014e+18,-4.540198883518087e-09,-0.001464548520743847,-2.161604404449463
1.7337792909864814e+18,-4.391881081033944e-09,-0.0014609377831220627,-2.171508312225342
1.7337792910909059e+18,-4.200204184456879e-09,-0.0014574774540960789,-2.1814122200012207
1.73377929119665e+18,-3.960782812839625e-09,-0.0014540022239089012,-2.191316604614258
1.7337792912971374e+18,-3.5958773736410876e-09,-0.0014498173259198666,-2.203202724456787
1.733779291370551e+18,-3.304076345855833e-09,-0.0014470163732767105,-2.2111268043518066
1.7337792914712586e+18,-2.8899789228375994e-09,-0.001443502027541399,-2.22103214263916
1.7337792915706908e+18,-2.4246422647422605e-09,-0.0014399942010641098,-2.2309389114379883
1.7337792916721014e+18,-1.905964497339596e-09,-0.001436751801520586,-2.240845203399658
1.7337792917800005e+18,-1.3561787248761448e-09,-0.0014334260486066341,-2.2507519721984863
1.7337792919212657e+18,-8.132824413920048e-10,-0.0014299987815320492,-2.260659694671631
1.7337792920209395e+18,-2.833534795687598e-10,-0.0014266185462474823,-2.2705674171447754
1.733779292118247e+18,2.3875579291399163e-10,-0.0014232704415917397,-2.28047513961792
1.733779292218281e+18,7.574270100008107e-10,-0.001419920939952135,-2.290383815765381
1.733779292282032e+18,1.274034877596364e-09,-0.0014167046174407005,-2.300292491912842
1.7337792923830067e+18,1.7899566273626988e-09,-0.0014134766533970833,-2.310201644897461
1.7337792924914394e+18,2.2806920796369923e-09,-0.0014102533459663391,-2.3201112747192383
1.733779292595943e+18,2.7094932963933616e-09,-0.0014070156030356884,-2.330021381378174
1.7337792926998356e+18,3.0746427626127115e-09,-0.0014037280343472958,-2.3399314880371094
1.733779292800075e+18,3.3760712003783055e-09,-0.0014004861004650593,-2.349842071533203
1.733779292903885e+18,3.6169962580601123e-09,-0.0013973708264529705,-2.359753131866455
1.7337792930100662e+18,3.796448933002239e-09,-0.0013942709192633629,-2.369664192199707
1.7337792931114819e+18,3.9107530547255465e-09,-0.0013911053538322449,-2.379575729370117
1.7337792931686487e+18,3.95650223694588e-09,-0.0013879314064979553,-2.3894882202148438
1.7337792933169764e+18,3.938153803062505e-09,-0.0013847560621798038,-2.3994007110595703
1.7337792933734116e+18,3.849029095448486e-09,-0.0013815853744745255,-2.4093127250671387
1.7337792935171617e+18,3.692506522767758e-09,-0.0013785772025585175,-2.4192261695861816
1.7337792936171955e+18,3.471965159818069e-09,-0.0013755508698523045,-2.4291396141052246
1.7337792937192233e+18,3.1849605175438e-09,-0.0013724924065172672,-2.4390530586242676
1.733779293774241e+18,2.819731337311282e-09,-0.0013694548979401588,-2.4489665031433105
1.7337792938868024e+18,2.3741724142212206e-09,-0.0013663680292665958,-2.458881378173828
1.733779293986606e+18,1.8528233391990057e-09,-0.0013633142225444317,-2.4687962532043457
1.7337792940713326e+18,1.2965565288070025e-09,-0.0013604466803371906,-2.478710651397705
1.733779294190475e+18,7.287257464128061e-10,-0.0013574734330177307,-2.488626003265381
1.7337792942703058e+18,1.4778905876866588e-10,-0.0013545039109885693,-2.498541831970215
1.7337792943743839e+18,-4.479026038950451e-10,-0.0013515190221369267,-2.508457660675049
1.733779294505542e+18,-1.0600931243942568e-09,-0.001348485704511404,-2.518373966217041
1.7337792945701489e+18,-1.6906136490746348e-09,-0.0013454579748213291,-2.528290271759033
1.7337792947092375e+18,-2.448851343928027e-09,-0.001342007890343666,-2.5401906967163086
1.7337792948105134e+18,-2.91924040496383e-09,-0.001339706126600504,-2.548124313354492
1.7337792949145213e+18,-3.4628682143988954e-09,-0.0013367878273129463,-2.558041572570801
1.733779295020429e+18,-3.963071648627192e-09,-0.0013338597491383553,-2.5679593086242676
1.7337792950786522e+18,-4.4241006413869854e-09,-0.0013309204950928688,-2.5778775215148926
1.7337792952214533e+18,-4.84043294335379e-09,-0.0013280147686600685,-2.5877957344055176
1.7337792952840366e+18,-5.207568598564194e-09,-0.001325223594903946,-2.5977139472961426
1.7337792953897134e+18,-5.535937486200737e-09,-0.0013224347494542599,-2.607633113861084
1.7337792954943995e+18,-5.795157242971527e-09,-0.0013196133077144623,-2.6175527572631836
1.7337792955967414e+18,-5.9420743880878035e-09,-0.0013167723082005978,-2.627471923828125
1.7337792957049674e+18,-5.9872511393166405e-09,-0.0013138898648321629,-2.6373915672302246
1.7337792958084142e+18,-5.921312773438103e-09,-0.0013110092841088772,-2.647311210632324
1.7337792958706854e+18,-5.743920894474286e-09,-0.0013083387166261673,-2.6572318077087402
1.733779295969231e+18,-5.458729468443835e-09,-0.0013055745512247086,-2.6671524047851562
1.7337792960645542e+18,-5.1180397697692115e-09,-0.001302783377468586,-2.6770730018615723
1.733779296218493e+18,-4.720051904882894e-09,-0.0012999819591641426,-2.6869940757751465
1.7337792963181919e+18,-4.2710683878510736e-09,-0.0012970510870218277,-2.696915626525879
1.7337792963720673e+18,-3.770438627981321e-09,-0.0012942724861204624,-2.7068376541137695
1.7337792964722412e+18,-3.212250687667506e-09,-0.0012916475534439087,-2.716759204864502
1.7337792965689073e+18,-2.5990936070030557e-09,-0.0012890133075416088,-2.7266812324523926
1.7337792966957967e+18,-1.9275339102620137e-09,-0.0012863148003816605,-2.7366037368774414
1.7337792967693742e+18,-1.2243154268176681e-09,-0.0012836321257054806,-2.7465267181396484
1.7337792969001014e+18,-5.269395475515637e-10,-0.001280933152884245,-2.7564496994018555
1.7337792969727194e+18,1.6782619738364701e-10,-0.0012782257981598377,-2.7663726806640625
1.733779297070834e+18,8.685080987724803e-10,-0.0012756851501762867,-2.7762956619262695
1.7337792971709222e+18,1.5690837518178569e-09,-0.0012730751186609268,-2.786220073699951
1.7337792972755863e+18,2.2630988194549673e-09,-0.0012704432010650635,-2.7961440086364746
1.733779297424025e+18,2.9029343373565553e-09,-0.0012677968479692936,-2.8060684204101562
1.7337792975206218e+18,3.479512233894866e-09,-0.001265114638954401,-2.8159923553466797
1.7337792976192146e+18,3.99183797128444e-09,-0.0012624626979231834,-2.8259172439575195
1.73377929771806e+18,4.444764112321309e-09,-0.001259922981262207,-2.8358426094055176
1.7337792977843922e+18,4.846214984866037e-09,-0.0012573692947626114,-2.8457679748535156
1.7337792978840026e+18,5.188718787962898e-09,-0.0012547890655696392,-2.8556928634643555
1.7337792979961564e+18,5.469388497658656e-09,-0.0012522302567958832,-2.8656182289123535
1.7337792980909358e+18,5.681966896986523e-09,-0.0012496565468609333,-2.875544548034668
1.733779298193277e+18,5.775967260035486e-09,-0.0012470562942326069,-2.8854708671569824
1.7337792982967593e+18,5.7433031663833845e-09,-0.0012446502223610878,-2.895397663116455
1.7337792984012498e+18,5.5809441512622016e-09,-0.0012421603314578533,-2.9053239822387695
1.7337792984696054e+18,5.323999907602683e-09,-0.0012396476231515408,-2.915250301361084
1.7337792986084557e+18,4.99841679157953e-09,-0.0012371279299259186,-2.925178050994873
1.733779298714981e+18,4.603467385067006e-09,-0.001234633382409811,-2.935105323791504
1.7337792987693245e+18,4.141444520655568e-09,-0.001232133712619543,-2.945033073425293
1.7337792989143127e+18,3.614786914241108e-09,-0.0012297946959733963,-2.954960823059082
1.7337792990178903e+18,3.0172273568496166e-09,-0.0012273718602955341,-2.964888572692871
1.7337792991207562e+18,2.345719840590732e-09,-0.0012249322608113289,-2.9748167991638184
1.7337792991630518e+18,1.602664667643694e-09,-0.0012224875390529633,-2.984745502471924
1.733779299273284e+18,8.336091816829594e-10,-0.00122003722935915,-2.9946746826171875
1.7337792994285885e+18,6.101774641109614e-11,-0.0012175939045846462,-3.004603385925293
1.7337792994713539e+18,-7.163110105068426e-10,-0.0012152791023254395,-3.0145320892333984
1.733779299584876e+18,-1.5002410425069002e-09,-0.0012129535898566246,-3.0244617462158203
1.733779299691341e+18,-2.285213129837871e-09,-0.0012106318026781082,-3.034391403198242
1.7337792997959951e+18,-3.0315163712657522e-09,-0.0012082667089998722,-3.0443215370178223
1.7337792998970511e+18,-3.7317278156479006e-09,-0.001205925364047289,-3.0542516708374023
1.7337793000076498e+18,-4.393079233722119e-09,-0.0012035565450787544,-3.064181327819824
1.7337793001079818e+18,-5.013760073779849e-09,-0.0012013637460768223,-3.0741114616394043
1.733779300213586e+18,-5.595452101658793e-09,-0.0011990959756076336,-3.084042549133301
1.733779300269913e+18,-6.102836458410366e-09,-0.001196808647364378,-3.0939741134643555
1.7337793003645934e+18,-6.502034466393525e-09,-0.0011945138685405254,-3.103905200958252
1.7337793005304415e+18,-6.793615003886089e-09,-0.001192222349345684,-3.1138362884521484
1.7337793005749204e+18,-6.980973132897361e-09,-0.0011899303644895554,-3.123767375946045
1.7337793007212362e+18,-7.063567064591325e-09,-0.0011877631768584251,-3.133699417114258
1.733779300784699e+18,-7.038646554491379e-09,-0.001185581088066101,-3.1436314582824707
1.7337793008869071e+18,-6.918624784191252e-09,-0.00096107367426157,-3.1535534858703613
1.7337793009916137e+18,-6.686678322154194e-09,-0.0007825158536434174,-3.163451671600342
1.733779301096874e+18,-6.3396705662910335e-09,-0.0006501344032585621,-3.1733036041259766
1.7337793011996152e+18,-5.875496089657872e-09,-0.000555308535695076,-3.183088779449463
1.73377930130028e+18,-5.3066728789019635e-09,-0.0004909518174827099,-3.192789077758789
1.7337793014040655e+18,-4.677579212852834e-09,-0.0004512602463364601,-3.2023887634277344
1.7337793015113472e+18,-3.993381181288669e-09,-0.00043146731331944466,-3.211874008178711
1.7337793015694195e+18,-3.248853630566373e-09,-0.00042767031118273735,-3.2212324142456055
1.7337793017107973e+18,-2.408907517903458e-09,-0.0006104018539190292,-3.230454921722412
1.733779301769827e+18,-1.5005373610321726e-09,-0.0007632775232195854,-3.239506244659424
1.7337793019215214e+18,-5.707543326849418e-10,-0.0008822041563689709,-3.248354911804199
1.7337793019727608e+18,3.6702818562162065e-10,-0.0009733070619404316,-3.256974697113037
1.7337793020708152e+18,1.3082241956396956e-09,-0.0010435264557600021,-3.265343189239502
1.733779302183979e+18,2.2416610789832703e-09,-0.0010954849421977997,-3.2734408378601074
1.7337793022829012e+18,3.1186262461346814e-09,-0.0011328174732625484,-3.281250476837158
1.7337793023894267e+18,3.93165411338714e-09,-0.0011575049720704556,-3.288757801055908
1.7337793024937423e+18,4.683506027447493e-09,-0.0011711218394339085,-3.295950412750244
1.7337793025937738e+18,5.376277645297023e-09,-0.0011761053465306759,-3.3028197288513184
1.7337793026965796e+18,6.004659880431973e-09,-0.0011738669127225876,-3.3093557357788086
1.7337793028037535e+18,6.516541084522487e-09,-0.0011650039814412594,-3.315554141998291
1.7337793028706926e+18,6.907380001308638e-09,-0.0011502099223434925,-3.321408748626709
1.7337793029705818e+18,7.17462089738774e-09,-0.0011300276964902878,-3.3269166946411133
1.7337793031136038e+18,7.315088534909364e-09,-0.0011054901406168938,-3.3320765495300293
1.733779303164808e+18,7.332391138703542e-09,-0.0010765627957880497,-3.3368868827819824
1.733779303267677e+18,7.222701103870577e-09,-0.0010433970019221306,-3.3413476943969727
1.7337793034201132e+18,6.982499467511616e-09,-0.0010047489777207375,-3.345459461212158
1.7337793034785825e+18,6.610855418642814e-09,-0.0009639216586947441,-3.34922456741333
1.73377930357181e+18,6.1046909749506995e-09,-0.000919184647500515,-3.3526453971862793
1.7337793036812462e+18,5.461014307428513e-09,-0.000873182900249958,-3.3557252883911133
1.7337793037837821e+18,4.715549284384224e-09,-0.000823204405605793,-3.3584675788879395
1.733779303869177e+18,3.894667699455567e-09,-0.0007700715214014053,-3.3608765602111816
1.7337793039915556e+18,2.9956450653401134e-09,-0.000713080633431673,-3.3629565238952637
1.7337793040702958e+18,2.0158674729486847e-09,-0.0006529404781758785,-3.364713191986084
1.7337793041965292e+18,9.766428776813996e-10,-0.0005903891287744045,-3.3661508560180664
1.7337793042999378e+18,-8.388656436153497e-11,-0.0005282745696604252,-3.3672752380371094
1.733779304406678e+18,-1.1689205159370886e-09,-0.00046315090730786324,-3.368091583251953
1.733779304508595e+18,-2.279046285025288e-09,-0.00039481278508901596,-3.3686070442199707
1.7337793045700854e+18,-3.3691107681477206e-09,-0.00032378360629081726,-3.3688268661499023
1.733779304670105e+18,-4.424550947845773e-09,-0.00024960655719041824,-3.3687567710876465
1.733779304770445e+18,-5.450010220897639e-09,-0.0001742485910654068,-3.368403911590576
1.7337793049237455e+18,-6.418205522606968e-09,-0.00010137446224689484,-3.3677735328674316
1.733779305019042e+18,-7.2814172469293226e-09,-2.6120804250240326e-05,-3.366872787475586
1.7337793051201728e+18,-8.050675681658959e-09,5.2386894822120667e-05,-3.3657073974609375
1.7337793052201677e+18,-8.726764200162052e-09,0.00013154186308383942,-3.364284038543701
1.733779305270139e+18,-9.302729253590769e-09,0.000212986022233963,-3.3626089096069336
1.733779305372303e+18,-9.754337781942013e-09,0.0002943286672234535,-3.3606886863708496
1.7337793054944627e+18,-1.0050071885814305e-08,0.00037164613604545593,-3.3585290908813477
1.7337793055990226e+18,-1.0189472376964659e-08,0.00045031122863292694,-3.356135845184326
1.7337793057010337e+18,-1.0184417753578145e-08,0.000531352125108242,-3.353516101837158
1.7337793058042253e+18,-1.0031735442339595e-08,0.0006127879023551941,-3.350675582885742
1.7337793059072328e+18,-9.729117067536208e-09,0.0006932802498340607,-3.3476195335388184
1.7337793060074143e+18,-9.276866386187521e-09,0.0007737418636679649,-3.3443541526794434
1.7337793060688497e+18,-8.700523856930431e-09,0.0008491873741149902,-3.3408851623535156
1.7337793061680817e+18,-8.011534546881194e-09,0.0009259684011340141,-3.3372182846069336
1.7337793063211574e+18,-7.215443353913997e-09,0.0010016225278377533,-3.3333592414855957
1.7337793064205942e+18,-6.304749167185264e-09,0.0010769516229629517,-3.329313278198242
1.7337793065160525e+18,-5.286960202965929e-09,0.0011515654623508453,-3.3250861167907715
1.733779306617043e+18,-4.206175407972523e-09,0.001226094551384449,-3.3206825256347656
1.7337793066831258e+18,-3.074037024930476e-09,0.0012937793508172035,-3.3161067962646484
1.733779306786795e+18,-1.8806372015234274e-09,0.0013607321307063103,-3.3113651275634766
1.7337793068904302e+18,-6.46795728087568e-10,0.001428135670721531,-3.306462287902832
1.7337793069947986e+18,5.851649165222739e-10,0.0014940770342946053,-3.301403045654297
1.733779307098769e+18,1.815888217571171e-09,0.0015573464334011078,-3.2961912155151367
1.7337793072000714e+18,3.0205682399753186e-09,0.0016189133748412132,-3.290832042694092
1.7337793072717816e+18,4.16602219388551e-09,0.001674991101026535,-3.2853288650512695
1.7337793073709335e+18,5.253375512381808e-09,0.0017306506633758545,-3.2796874046325684
1.7337793075103654e+18,6.26625817901072e-09,0.001783805899322033,-3.2739105224609375
1.7337793075695206e+18,7.162750392808448e-09,0.0018352661281824112,-3.2680039405822754
1.73377930771383e+18,7.944711555296635e-09,0.0018847733736038208,-3.2619705200195312
1.7337793078185385e+18,8.614058799594204e-09,0.0019321255385875702,-3.255815029144287
1.7337793079198226e+18,9.174370596554127e-09,0.001974388025701046,-3.2495388984680176
1.733779307972209e+18,9.607356687979518e-09,0.00201485026627779,-3.2431483268737793
1.7337793081233426e+18,9.889592256229207e-09,0.0020609162747859955,-3.2353320121765137
1.733779308223301e+18,9.935394729154723e-09,0.0020973198115825653,-3.2286996841430664
1.7337793082734372e+18,9.836147008002172e-09,0.002125144936144352,-3.2233190536499023
1.7337793083913375e+18,9.543355439234347e-09,0.0021581128239631653,-3.2165017127990723
1.7337793084970726e+18,9.085994179258705e-09,0.002188480459153652,-3.209585666656494
1.7337793086002104e+18,8.512995641751786e-09,0.002213926985859871,-3.202573776245117
1.7337793086710344e+18,7.826127301768793e-09,0.002238105982542038,-3.195469379425049
1.7337793088107896e+18,7.026120574238348e-09,0.0022596046328544617,-3.1882753372192383
1.7337793089148767e+18,6.1230336356743464e-09,0.002279086969792843,-3.1809945106506348
1.7337793090177544e+18,5.11375031209127e-09,0.0022964850068092346,-3.1736302375793457
1.7337793091209912e+18,4.028755551388485e-09,0.002310720272362232,-3.1661839485168457
1.7337793092161733e+18,2.867864612454696e-09,0.002323147840797901,-3.158658981323242
1.7337793092706852e+18,1.638634450351617e-09,0.002333863638341427,-3.1510581970214844
1.7337793093832886e+18,3.7998865165533857e-10,0.002342723309993744,-3.143383502960205
1.7337793094843494e+18,-8.873335399783855e-10,0.0023497063666582108,-3.135636806488037
1.7337793095732419e+18,-2.165589929603584e-09,0.0023551946505904198,-3.127821445465088
1.733779309675294e+18,-3.4123832648447205e-09,0.0023580528795719147,-3.119938373565674
1.7337793097689467e+18,-4.626223404358143e-09,0.0023592961952090263,-3.1119909286499023
1.733779309868406e+18,-5.826155557997481e-09,0.0023593129590153694,-3.1039810180664062
1.7337793100079304e+18,-6.966843102418352e-09,0.00235731340944767,-3.095909595489502
1.7337793101079168e+18,-7.987432049105792e-09,0.0023537781089544296,-3.0877795219421387
1.7337793102104532e+18,-8.85042439335848e-09,0.002348753623664379,-3.079592704772949
1.7337793103159913e+18,-9.567125758280781e-09,0.0023425985127687454,-3.071350574493408
1.7337793104167695e+18,-1.0096536939840917e-08,0.002335118129849434,-3.0630550384521484
1.733779310466793e+18,-1.0407421591196453e-08,0.002326320856809616,-3.054708480834961
1.733779310617207e+18,-1.050866593743649e-08,0.002316279336810112,-3.046311378479004
1.7337793107290586e+18,-1.0419785922977098e-08,0.002305062487721443,-3.0378661155700684
1.7337793108272108e+18,-1.0095705604840077e-08,0.00229024700820446,-3.027670383453369
1.7337793108885896e+18,-9.750698026778082e-09,0.002280287444591522,-3.0208373069763184
1.7337793109869379e+18,-9.181534643687428e-09,0.0022667916491627693,-3.012256622314453
1.7337793110936696e+18,-8.50383408135258e-09,0.0022520991042256355,-3.003633975982666
1.7337793111964367e+18,-7.723789607894105e-09,0.002236679196357727,-2.9949698448181152
1.7337793112698468e+18,-6.841818667169264e-09,0.002220417372882366,-2.9862661361694336
1.7337793113706455e+18,-5.857148543952917e-09,0.002203419804573059,-2.9775242805480957
1.7337793114702927e+18,-4.788366592123339e-09,0.0021870452910661697,-2.968745231628418
1.733779311616044e+18,-3.680771687442075e-09,0.002169576473534107,-2.959930419921875
1.7337793117182272e+18,-2.5455406671426317e-09,0.0021514147520065308,-2.951080799102783
1.7337793118112916e+18,-1.37135724997961e-09,0.0021327389404177666,-2.942197799682617
1.7337793119170685e+18,-2.0451629278994687e-10,0.0021136347204446793,-2.933281898498535
1.733779312017215e+18,9.487317598200207e-10,0.002094191499054432,-2.92433500289917
1.7337793121213256e+18,2.0969594949349357e-09,0.0020756544545292854,-2.9153575897216797
1.7337793121883213e+18,3.1943041545190454e-09,0.0020567504689097404,-2.906351089477539
1.7337793122927273e+18,4.214660176415919e-09,0.0020374739542603493,-2.8973159790039062
1.7337793123955082e+18,5.1718975768721975e-09,0.0020179273560643196,-2.888253688812256
1.7337793125006154e+18,6.066784408176318e-09,0.0019981535151600838,-2.879164218902588
1.7337793126039421e+18,6.847182376645833e-09,0.0019783107563853264,-2.870048999786377
1.733779312709262e+18,7.513460076324918e-09,0.0019599925726652145,-2.8609094619750977
1.7337793128141432e+18,8.049910960039597e-09,0.001941109076142311,-2.851745128631592
1.7337793129157207e+18,8.454757782772049e-09,0.0019220467656850815,-2.842557907104492
1.733779313016349e+18,8.749611701830418e-09,0.0019029797986149788,-2.833348274230957
1.7337793131204024e+18,8.946967611223045e-09,0.0018839901313185692,-2.8241162300109863
1.7337793132201608e+18,9.046927651468195e-09,0.0018651420250535011,-2.814863681793213
1.7337793133296568e+18,9.01596219904377e-09,0.0018441369757056236,-2.8037333488464355
1.7337793133800438e+18,8.894608605203302e-09,0.0018301252275705338,-2.796297073364258
1.7337793134830382e+18,8.627711878261834e-09,0.001812671311199665,-2.786985397338867
1.7337793135865674e+18,8.238884241507094e-09,0.0017953412607312202,-2.7776546478271484
1.7337793136908713e+18,7.72407027227473e-09,0.0017782039940357208,-2.768305778503418
1.7337793137713695e+18,7.078744701516371e-09,0.0017612585797905922,-2.7589402198791504
1.7337793138982408e+18,6.3187926002683525e-09,0.0017456160858273506,-2.7495579719543457
1.7337793139719877e+18,5.4293192164323045e-09,0.0017301440238952637,-2.740159511566162
1.7337793141042565e+18,4.4317656211489975e-09,0.0017148321494460106,-2.7307448387145996
1.7337793142068603e+18,3.358526345920154e-09,0.0016997335478663445,-2.721315383911133
1.7337793142700498e+18,2.1941382044587954e-09,0.0016849031671881676,-2.7118706703186035
1.7337793144170998e+18,9.631591080250246e-10,0.0016703903675079346,-2.7024121284484863
1.7337793145194596e+18,-2.973830071084649e-10,0.0016569746658205986,-2.6929402351379395
1.7337793146181606e+18,-1.6082792875238283e-09,0.0016437852755188942,-2.683454990386963
1.7337793147182257e+18,-2.935612641863372e-09,0.0016308445483446121,-2.6739563941955566
1.733779314829151e+18,-4.2332577443460195e-09,0.0016181450337171555,-2.664445400238037
1.7337793148871278e+18,-5.504545264045646e-09,0.0016056345775723457,-2.6549224853515625
1.7337793149919675e+18,-6.695438869996906e-09,0.0015934668481349945,-2.645388126373291
1.7337793150977265e+18,-7.759934916862221e-09,0.0015823384746909142,-2.6358418464660645
1.7337793152033912e+18,-8.697414344283061e-09,0.0015714410692453384,-2.6262850761413574
1.7337793153109926e+18,-9.515974674911831e-09,0.0015607047826051712,-2.6167173385620117
1.7337793154131766e+18,-1.0159816987709291e-08,0.001550336368381977,-2.6071395874023438
1.7337793155181304e+18,-1.060483523218636e-08,0.0015400908887386322,-2.5975513458251953
1.7337793156208863e+18,-1.0854767751311556e-08,0.0015301434323191643,-2.587954044342041
1.7337793157181412e+18,-1.0965775842919356e-08,0.0015210499987006187,-2.5783467292785645
1.7337793157802926e+18,-1.0948068229765795e-08,0.0015121512115001678,-2.5687313079833984
1.7337793158848773e+18,-1.0790695448292809e-08,0.0015035169199109077,-2.5591068267822266
1.7337793159704712e+18,-1.0493313773451973e-08,0.00149504654109478,-2.549473285675049
1.7337793160949914e+18,-1.0052650267766694e-08,0.0014867661520838737,-2.53983211517334
1.7337793161698245e+18,-9.466319284001656e-09,0.0014785472303628922,-2.530182361602783
1.7337793163000827e+18,-8.743143098399742e-09,0.001471012830734253,-2.5205254554748535
1.7337793164550226e+18,-7.751123298760376e-09,0.0014622053131461143,-2.5089268684387207
1.7337793164740252e+18,-7.015898528806019e-09,0.0014562634751200676,-2.5011887550354004
1.7337793165723346e+18,-6.003805896881431e-09,0.0014491258189082146,-2.4915099143981934
1.7337793166710272e+18,-4.894053162729506e-09,0.0014422684907913208,-2.4818239212036133
1.7337793167696118e+18,-3.728603648056605e-09,0.0014355238527059555,-2.4721317291259766
1.7337793169182351e+18,-2.5237334444483395e-09,0.0014291061088442802,-2.462432384490967
1.7337793170202263e+18,-1.2883097921800868e-09,0.0014227703213691711,-2.4527273178100586
1.7337793170754468e+18,-4.84706719205974e-11,0.0014164689928293228,-2.443016529083252
1.7337793171754132e+18,1.1928221743673362e-09,0.0014102384448051453,-2.433300018310547
1.7337793172889649e+18,2.4087283279072835e-09,0.0014040758833289146,-2.423577308654785
1.7337793173877435e+18,3.765828093804657e-09,0.0013968450948596,-2.41190242767334
1.7337793174903037e+18,4.614252535617425e-09,0.0013923877850174904,-2.4041152000427246
1.733779317570325e+18,5.621738630168238e-09,0.001386650837957859,-2.394376754760742
1.7337793176999636e+18,6.520726181236114e-09,0.0013810312375426292,-2.3846330642700195
1.7337793178048945e+18,7.2775936388325135e-09,0.0013752151280641556,-2.3748841285705566
1.7337793178696302e+18,7.892819731125655e-09,0.0013695582747459412,-2.36513090133667
1.7337793180133599e+18,8.368437498518233e-09,0.0013637132942676544,-2.355372905731201
1.733779318117236e+18,8.706459553309287e-09,0.0013581840321421623,-2.3456106185913086
1.7337793182175107e+18,8.91138185465934e-09,0.0013526063412427902,-2.335844039916992
1.7337793183203144e+18,8.989767152911554e-09,0.0013469383120536804,-2.3260726928710938
1.7337793183777774e+18,8.953263019861879e-09,0.0013412069529294968,-2.316298007965088
1.7337793184800315e+18,8.804780904370091e-09,0.0013354206457734108,-2.3065185546875
1.7337793185840934e+18,8.529932316037048e-09,0.0013297274708747864,-2.2967357635498047
1.7337793186884616e+18,8.116627370213791e-09,0.0013241032138466835,-2.2869491577148438
1.733779318792129e+18,7.432353399394742e-09,0.0013172794133424759,-2.275200843811035
1.7337793188716695e+18,6.853277945140235e-09,0.0013126218691468239,-2.2673654556274414
1.7337793189998136e+18,5.996124485818655e-09,0.0013066316023468971,-2.257568359375
1.733779319104323e+18,5.003190750585418e-09,0.0013005435466766357,-2.247767448425293
1.7337793192088133e+18,3.910942236728943e-09,0.0012945113703608513,-2.2379636764526367
1.733779319310286e+18,2.715657920759895e-09,0.00128876231610775,-2.2281570434570312
1.733779319416915e+18,1.4150511873367577e-09,0.0012826146557927132,-2.2183470726013184
1.7337793195204705e+18,5.470002228946669e-11,0.0012763049453496933,-2.2085342407226562
1.7337793196161792e+18,-1.3529221076780118e-09,0.0012698769569396973,-2.198718547821045
1.7337793196797972e+18,-2.7949131897742063e-09,0.0012633372098207474,-2.1888999938964844
1.7337793197829407e+18,-4.228525529725857e-09,0.0012566884979605675,-2.1790785789489746
1.7337793198931679e+18,-5.654932078158481e-09,0.0012505212798714638,-2.169254779815674
1.7337793199944013e+18,-7.269473467630405e-09,0.0012425323948264122,-2.1574625968933105
1.7337793200960187e+18,-8.255686800850981e-09,0.0012371595948934555,-2.149599313735962
1.7337793202035745e+18,-9.398737788046674e-09,0.001230248250067234,-2.139767646789551
1.7337793203103816e+18,-1.0399380023784488e-08,0.0012232167646288872,-2.1299335956573486
1.7337793204132385e+18,-1.1230544494367223e-08,0.0012160725891590118,-2.1200973987579346
1.733779320464198e+18,-1.1886823081397324e-08,0.0012092199176549911,-2.1102588176727295
1.7337793206203894e+18,-1.2356736078800168e-08,0.001202210783958435,-2.1004183292388916
1.7337793207240417e+18,-1.2648964542449903e-08,0.001194596290588379,-2.0905754566192627
1.7337793208263744e+18,-1.281184403012503e-08,0.0011860392987728119,-2.078761339187622
1.7337793208744911e+18,-1.2828087037064506e-08,0.0011801216751337051,-2.0708839893341064
1.7337793209807165e+18,-1.2742986221780939e-08,0.0011726608499884605,-2.06103515625
1.7337793210812506e+18,-1.2524440151651106e-08,0.0011649616062641144,-2.0511844158172607
1.733779321186747e+18,-1.2160837670194269e-08,0.0011576078832149506,-2.041332244873047
1.733779321291591e+18,-1.1648711328859918e-08,0.0011501116678118706,-2.031477689743042
1.7337793213955873e+18,-1.1014288148203377e-08,0.0011424338445067406,-2.0216219425201416
1.733779321500175e+18,-1.0260726490685101e-08,0.001134728081524372,-2.0117640495300293
1.733779321606954e+18,-9.377380649766565e-09,0.001126786693930626,-2.0019044876098633
1.7337793217102254e+18,-8.37223890215455e-09,0.0011194124817848206,-1.9920434951782227
1.7337793218140733e+18,-7.289410408617414e-09,0.001111718825995922,-1.9821807146072388
1.7337793219193306e+18,-6.1228471182062094e-09,0.0011037522926926613,-1.9723165035247803
1.7337793220229356e+18,-4.8694324128462085e-09,0.0010956795886158943,-1.9624505043029785
1.7337793221228634e+18,-3.581991592227496e-09,0.0010875174775719643,-1.9525834321975708
1.7337793222181192e+18,-2.252840136662826e-09,0.0010791905224323273,-1.942714810371399
1.7337793222796544e+18,-8.944974760893842e-10,0.0010715918615460396,-1.9328447580337524
1.7337793223829844e+18,4.5507309032188914e-10,0.001063619740307331,-1.922973394393921
1.7337793224916987e+18,1.790267267764989e-09,0.0010555004701018333,-1.9131007194519043
1.7337793225945326e+18,3.0858140487310948e-09,0.0010472889989614487,-1.903226613998413
1.7337793226974828e+18,4.299705480548255e-09,0.001039097085595131,-1.893351435661316
1.7337793228024174e+18,5.437400307783946e-09,0.00103074312210083,-1.8834748268127441
1.733779322900859e+18,6.4846905623028306e-09,0.0010230233892798424,-1.873597264289856
1.7337793230077202e+18,7.39587013853793e-09,0.0010149665176868439,-1.8637183904647827
1.7337793231101883e+18,8.173809185052505e-09,0.0010067811235785484,-1.8538384437561035
1.733779323213015e+18,8.832214959397788e-09,0.0009985323995351791,-1.8439573049545288
1.7337793233197e+18,9.365885844658806e-09,0.0009902408346533775,-1.8340749740600586
1.7337793234206344e+18,9.725543925753755e-09,0.000981925055384636,-1.824191689491272
1.7337793234769196e+18,9.88111370503475e-09,0.0009740637615323067,-1.8143075704574585
1.7337793235842552e+18,9.834216996296163e-09,0.000966191291809082,-1.80442214012146
1.7337793236917527e+18,9.576058168647705e-09,0.0009581251069903374,-1.794535756111145
1.7337793237910495e+18,9.109127674378215e-09,0.0009500030428171158,-1.7846484184265137
1.7337793238938993e+18,8.480323998583117e-09,0.000941854901611805,-1.774760127067566
1.7337793239751887e+18,7.705310167693824e-09,0.0009336993098258972,-1.7648710012435913
1.7337793241074107e+18,6.77773481783106e-09,0.0009261835366487503,-1.7549809217453003
1.7337793242081198e+18,5.699266836245442e-09,0.0009183771908283234,-1.7450898885726929
1.7337793243100628e+18,4.490514182720062e-09,0.000910555012524128,-1.7351982593536377
1.7337793244143478e+18,3.1821965063016933e-09,0.0009026052430272102,-1.725305438041687
1.733779324466876e+18,1.7694024023739985e-09,0.000894647091627121,-1.7154120206832886
1.7337793246174354e+18,2.879895211194139e-10,0.0008867001160979271,-1.7055176496505737
1.7337793246783823e+18,-1.2417368244754812e-09,0.0008792150765657425,-1.6956226825714111
1.73377932478281e+18,-2.806207266559113e-09,0.0008716871961951256,-1.6857267618179321
1.733779324895094e+18,-4.3445780306683446e-09,0.0008641518652439117,-1.6758301258087158
1.7337793249960074e+18,-5.8311688810874784e-09,0.0008565718308091164,-1.6659327745437622
1.7337793250971653e+18,-7.20243331642223e-09,0.000848894938826561,-1.6560345888137817
1.7337793251997432e+18,-8.438869159022033e-09,0.0008412329480051994,-1.6461358070373535
1.7337793253029235e+18,-9.53606171805177e-09,0.0008342014625668526,-1.6362361907958984
1.7337793254065843e+18,-1.0446518317053233e-08,0.0008269175887107849,-1.6263359785079956
1.733779325473365e+18,-1.1156068069340108e-08,0.0008195741102099419,-1.616434931755066
1.7337793256172416e+18,-1.166303942312652e-08,0.0008122166618704796,-1.606533408164978
1.7337793257161574e+18,-1.1967140167712387e-08,0.0008048703894019127,-1.5966310501098633
1.7337793258198502e+18,-1.2068387178487683e-08,0.0007975436747074127,-1.5867280960083008
1.733779325872142e+18,-1.1992995929688277e-08,0.0007906593382358551,-1.57682466506958
1.7337793260180877e+18,-1.1775434849425892e-08,0.0007837424054741859,-1.566920518875122
1.7337793261215127e+18,-1.1412715217318237e-08,0.0007767630741000175,-1.5570157766342163
1.7337793261798157e+18,-1.0900282454429089e-08,0.0007697697728872299,-1.5471104383468628
1.733779326288936e+18,-1.023558304780181e-08,0.00076285470277071,-1.537204623222351
1.7337793263879685e+18,-9.423012592435498e-09,0.0007559359073638916,-1.5272982120513916
1.7337793264946383e+18,-8.485699254379142e-09,0.0007495060563087463,-1.5173912048339844
1.7337793265941322e+18,-7.455398076672282e-09,0.0007429057732224464,-1.5074836015701294
1.7337793267000878e+18,-6.325333590240234e-09,0.0007361816242337227,-1.4975755214691162
1.7337793267997601e+18,-5.09337105825125e-09,0.000729462131857872,-1.4876668453216553
1.7337793269072814e+18,-3.808317217135482e-09,0.0007227528840303421,-1.4777575731277466
1.7337793270101496e+18,-2.487309913590252e-09,0.000716070644557476,-1.4678478240966797
1.7337793271114132e+18,-1.1472223171438145e-09,0.000709783285856247,-1.4579375982284546
1.7337793272165327e+18,1.6849432959986643e-10,0.0007034791633486748,-1.4480267763137817
1.733779327318336e+18,1.4576714280067904e-09,0.000697113573551178,-1.4381155967712402
1.7337793274172588e+18,2.7170221628125546e-09,0.0006907377392053604,-1.4282037019729614
1.7337793274809408e+18,3.902146161749442e-09,0.0006844336166977882,-1.418291449546814
1.733779327585623e+18,5.002124936481778e-09,0.0006780559197068214,-1.4083786010742188
1.7337793276835366e+18,6.006922959045369e-09,0.0006720498204231262,-1.3984655141830444
1.7337793277901665e+18,6.864840251807891e-09,0.0006660213693976402,-1.3885517120361328
1.7337793278933624e+18,7.561514969722793e-09,0.0006600050255656242,-1.3786375522613525
1.733779327996507e+18,8.10025113651136e-09,0.0006539495661854744,-1.368722915649414
1.733779328104019e+18,8.491968017665386e-09,0.0006478084251284599,-1.358807921409607
1.7337793282066038e+18,8.744825308326654e-09,0.0006416887044906616,-1.348892331123352
1.7337793283120696e+18,8.858338063078008e-09,0.0006360672414302826,-1.338976502418518
1.733779328413137e+18,8.834583731243129e-09,0.0006302325055003166,-1.3290601968765259
1.7337793285173356e+18,8.673852747165256e-09,0.0006243428215384483,-1.3191434144973755
1.7337793286162627e+18,8.376772164808699e-09,0.0006184438243508339,-1.309226155281067
1.733779328719178e+18,7.935698320693518e-09,0.000612613745033741,-1.2993085384368896
1.7337793287800364e+18,7.348611053004106e-09,0.000606774352490902,-1.2893904447555542
1.7337793288909522e+18,6.60864607482381e-09,0.0006011854857206345,-1.27947199344635
1.7337793289875418e+18,5.713133077733801e-09,0.00059562548995018,-1.2695531845092773
1.7337793290899313e+18,4.691533828093952e-09,0.0005899379029870033,-1.259634017944336
1.7337793291935913e+18,3.5714720070245676e-09,0.0005842382088303566,-1.2497143745422363
1.7337793292969277e+18,2.1062422916884316e-09,0.0005773603916168213,-1.2378103733062744
1.7337793294001523e+18,1.0630462066174573e-09,0.0005728304386138916,-1.2298740148544312
1.733779329505604e+18,-5.505920164239342e-10,0.0005664834752678871,-1.2179690599441528
1.7337793296103805e+18,-1.6552184067819553e-09,0.0005621369928121567,-1.2100319862365723
1.7337793297111375e+18,-3.04265945771931e-09,0.000556623563170433,-1.2001105546951294
1.733779329816931e+18,-4.413285292770297e-09,0.0005510924383997917,-1.1901886463165283
1.7337793298706624e+18,-5.7739759640185184e-09,0.0005455547943711281,-1.1802663803100586
1.7337793300211963e+18,-7.0891057468713825e-09,0.0005399445071816444,-1.1703437566757202
1.7337793301283203e+18,-8.307535992457815e-09,0.0005347356200218201,-1.1604207754135132
1.7337793301767557e+18,-9.389845345708636e-09,0.0005294820293784142,-1.1504974365234375
1.733779330282963e+18,-1.0297330099717783e-08,0.0005242237821221352,-1.1405738592147827
1.7337793303872701e+18,-1.0991153764905448e-08,0.0005188547074794769,-1.1306498050689697
1.7337793304902636e+18,-1.1444542202809771e-08,0.00038627441972494125,-1.120718240737915
1.7337793305940165e+18,-1.169162189285089e-08,0.00024953577667474747,-1.1108065843582153
1.733779330696101e+18,-1.1740890926148495e-08,0.0001468351110816002,-1.1009413003921509
1.73377933079752e+18,-1.1588258352901448e-08,7.163826376199722e-05,-1.0911425352096558
1.7337793308998612e+18,-1.1299631452743597e-08,1.8578022718429565e-05,-1.0814281702041626
1.733779331003531e+18,-1.0899960933841157e-08,-1.6742385923862457e-05,-1.0718140602111816
1.7337793311066327e+18,-1.0388372828629144e-08,-3.792718052864075e-05,-1.0623140335083008
1.733779331207076e+18,-9.761171426703186e-09,-4.792306572198868e-05,-1.0529403686523438
1.7337793313097633e+18,-9.022219416010557e-09,-4.913564771413803e-05,-1.0437031984329224
1.7337793314171297e+18,-8.209275037529551e-09,-4.3536536395549774e-05,-1.034611463546753
1.7337793315152527e+18,-7.332748186428262e-09,-3.272201865911484e-05,-1.0256729125976562
1.733779331616192e+18,-6.40001385221467e-09,-1.7996877431869507e-05,-1.0168943405151367
1.7337793317182228e+18,-5.402598812764836e-09,-4.2654573917388916e-07,-1.0082805156707764
1.7337793318163128e+18,-4.380906748480129e-09,1.9128434360027313e-05,-0.9998360872268677
1.733779331879736e+18,-3.3627127749014107e-09,3.996957093477249e-05,-0.9915642738342285
1.7337793319829425e+18,-2.3377808577862424e-09,6.15343451499939e-05,-0.9834675192832947
1.733779332087174e+18,-1.314163111665323e-09,8.336547762155533e-05,-0.9755481481552124
1.7337793321904515e+18,-3.216057975485853e-10,0.00010510627180337906,-0.9678069353103638
1.7337793322905587e+18,6.319822998257507e-10,0.0001264559105038643,-0.9602447748184204
1.7337793323965366e+18,1.548960959496526e-09,0.00014718063175678253,-0.952861487865448
1.7337793325000097e+18,2.412583022248782e-09,0.00016709789633750916,-0.945656955242157
1.7337793326046241e+18,3.188301178624897e-09,0.000186065211892128,-0.9386301636695862
1.7337793327078922e+18,3.8690770587379575e-09,0.00020396336913108826,-0.9317799806594849
1.7337793328066803e+18,4.454309809887036e-09,0.00022071320563554764,-0.9251049757003784
1.733779332911053e+18,4.946752785173203e-09,0.00023624394088983536,-0.918603241443634
1.7337793330166154e+18,5.35087263386913e-09,0.00025050994008779526,-0.9122726321220398
1.7337793331180593e+18,5.675235392743616e-09,0.00026347674429416656,-0.9061110019683838
1.7337793332171876e+18,5.871320318817652e-09,0.0002751266583800316,-0.9001160264015198
1.7337793333192876e+18,5.9086828763099675e-09,0.00028544384986162186,-0.8942848443984985
1.7337793333799398e+18,5.795246948991917e-09,0.000294429250061512,-0.8886148929595947
1.7337793334830513e+18,5.536486380464112e-09,0.00030208006501197815,-0.8831031918525696
1.733779333584229e+18,5.172739570014073e-09,0.0003084130585193634,-0.8777467012405396
1.733779333687138e+18,4.728791136443533e-09,0.00031343474984169006,-0.8725425004959106
1.7337793337916982e+18,4.203700054716819e-09,0.0003171674907207489,-0.8674874901771545
1.733779333893382e+18,3.593918274091834e-09,0.00031963083893060684,-0.8625783920288086
1.7337793340011364e+18,2.908200791296167e-09,0.00032084062695503235,-0.8578120470046997
1.733779334099657e+18,2.1417971840520522e-09,0.00032083410769701004,-0.8531854748725891
1.7337793342038866e+18,1.2989859188294872e-09,0.0003196336328983307,-0.8486950993537903
1.7337793343110769e+18,4.2637451902471923e-10,0.0003172680735588074,-0.844338059425354
1.73377933437051e+18,-4.766254058097275e-10,0.00031377095729112625,-0.8401108384132385
1.7337793345206835e+18,-1.4069295728447173e-09,0.00030917301774024963,-0.8360103964805603
1.7337793346244483e+18,-2.3644823876622922e-09,0.0003035096451640129,-0.8320335745811462
1.7337793346773832e+18,-3.302394357973526e-09,0.00029681622982025146,-0.8281772136688232
1.7337793348201219e+18,-4.221547111882273e-09,0.000289122574031353,-0.8244380950927734
1.7337793348831606e+18,-5.101711941790654e-09,0.00028047338128089905,-0.8208132386207581
1.733779334987369e+18,-5.949408521388477e-09,0.0002708984538912773,-0.8172995448112488
1.7337793350900662e+18,-6.721888379246366e-09,0.0002604415640234947,-0.8138940334320068
1.7337793351965645e+18,-7.4019785856194176e-09,0.00024913717061281204,-0.8105936646461487
1.7337793353052782e+18,-7.994118256249294e-09,0.0002370225265622139,-0.8073956966400146
1.7337793354096164e+18,-8.508353133152013e-09,0.00022413674741983414,-0.8042972087860107
1.7337793354644572e+18,-8.945248985980925e-09,0.0002105189487338066,-0.8012953996658325
1.7337793356205622e+18,-9.299613523694461e-09,0.00019620917737483978,-0.7983875870704651
1.7337793357231462e+18,-9.583602356144638e-09,0.00017817504703998566,-0.7950183749198914
1.733779335819289e+18,-9.660847233305958e-09,0.00016566086560487747,-0.7928429841995239
1.7337793358838794e+18,-9.625493291309795e-09,0.00014950335025787354,-0.7902010679244995
1.733779335983174e+18,-9.443299475719868e-09,0.00013280194252729416,-0.7876425981521606
1.7337793360869233e+18,-9.112348209328047e-09,0.0001156022772192955,-0.7851653099060059
1.7337793361940188e+18,-8.682306429363962e-09,9.793415665626526e-05,-0.7827666401863098
1.733779336299938e+18,-8.15839218404335e-09,7.984228432178497e-05,-0.7804442644119263
1.7337793364090634e+18,-7.540188917687374e-09,6.135646253824234e-05,-0.7781959176063538
1.7337793365105976e+18,-6.824852682996152e-09,4.2516738176345825e-05,-0.7760194540023804
1.733779336613112e+18,-6.017116582768267e-09,2.3356638848781586e-05,-0.7739125490188599
1.7337793367168102e+18,-5.124654922639138e-09,3.91155481338501e-06,-0.7718731760978699
1.7337793368159278e+18,-4.179807611137676e-09,-1.578405499458313e-05,-0.7698992490768433
1.7337793369182356e+18,-3.1780582609997055e-09,-3.569573163986206e-05,-0.7679886817932129
1.7337793370181763e+18,-2.1184891618730717e-09,-5.579553544521332e-05,-0.7661396861076355
1.7337793370766996e+18,-1.0111020909420176e-09,-7.605087012052536e-05,-0.764350175857544
1.733779337182327e+18,9.763434505316582e-11,-9.64263454079628e-05,-0.7626184821128845
1.7337793372832666e+18,1.2078050781738625e-09,-0.00011689681559801102,-0.7609425187110901
1.733779337390949e+18,2.3143134075809257e-09,-0.00013742875307798386,-0.759320855140686
1.7337793374935903e+18,3.368188394858862e-09,-0.00015799421817064285,-0.7577515244483948
1.733779337597087e+18,4.3631045443248695e-09,-0.00017857179045677185,-0.7562330961227417
1.7337793377001876e+18,5.3030921876029424e-09,-0.00019913306459784508,-0.7547639012336731
1.7337793378075668e+18,6.172532263093444e-09,-0.00021964916959404945,-0.7533422708511353
1.7337793379110838e+18,6.925979345595579e-09,-0.00024009915068745613,-0.7519668340682983
1.7337793380167206e+18,7.56182227945601e-09,-0.0002604578621685505,-0.7506360411643982
1.733779338120721e+18,8.081993740916005e-09,-0.00028070714324712753,-0.7493483424186707
1.7337793382203218e+18,8.553506347652728e-09,-0.0003048218786716461,-0.7478582859039307
1.7337793383181832e+18,8.773969994990694e-09,-0.00032078009098768234,-0.7468972206115723
1.7337793383800445e+18,8.942365958830578e-09,-0.0003405665047466755,-0.7457311153411865
1.7337793384917184e+18,8.99102570173227e-09,-0.0003601592034101486,-0.7446029782295227
1.733779338589013e+18,8.917725224932838e-09,-0.0003795512020587921,-0.7435114979743958
1.7337793386877325e+18,8.723135991317577e-09,-0.0003987140953540802,-0.7424553632736206
1.7337793387938504e+18,8.406123797044529e-09,-0.00041763903573155403,-0.7414336204528809
1.7337793388965775e+18,7.965718751279383e-09,-0.00043630925938487053,-0.7404451370239258
1.733779338969778e+18,7.396542933690853e-09,-0.0004547145217657089,-0.7394887208938599
1.7337793391068562e+18,6.696073029388572e-09,-0.0004728427156805992,-0.7385634183883667
1.7337793392102984e+18,5.8583582429605485e-09,-0.0004906798712909222,-0.7376682162284851
1.7337793393175834e+18,4.896086647221409e-09,-0.0005082148127257824,-0.7368019223213196
1.7337793394161802e+18,3.856707841976004e-09,-0.0005254442803561687,-0.7359638810157776
1.7337793395191485e+18,2.739871662882365e-09,-0.0005423533730208874,-0.735153079032898
1.7337793395806085e+18,1.5451745438710418e-09,-0.0005589365027844906,-0.7343685626983643
1.733779339683336e+18,3.168325046765119e-10,-0.0005751880817115307,-0.7336093783378601
1.7337793397870175e+18,-9.321480254342873e-10,-0.0005911039188504219,-0.732874870300293
1.733779339890238e+18,-2.209982197243221e-09,-0.0006066733039915562,-0.7321640849113464
